{
  "name": "airus---ai-college-assistant",
  "private": true,
  "version": "0.0.0",
  "type": "module",
  "scripts": {
    "dev": "vite",
    "build": "vite build",
    "preview": "vite preview"
  },
  "dependencies": {
    "react": "^19.2.0",
    "react-dom": "^19.2.0",
    "@google/genai": "^1.25.0",
    "moment": "^2.30.1",
    "react-big-calendar": "^1.19.4"
  },
  "devDependencies": {
    "@types/node": "^22.14.0",
    "@vitejs/plugin-react": "^5.0.0",
    "typescript": "~5.8.2",
    "vite": "^6.2.0"
  }
}
